Pricelist Name,Pricelist Items/Product Template,Pricelist Items/Min. Quantity,Pricelist Items/Fixed Price,item_ids/applied_on
TESTRUCI03,234 BLACK REFILL (12x10x10x4/dus),1,23000,Product
,234 BLACK REFILL ECERAN (BATANG) (12x10x10x4/dus),1,2100,Product
,234 KRETEK 12 (20x10x5/dus),1,22000,Product
,234 KRETEK 12 ECERAN (BATANG) (20x10x5/dus),1,2100,Product
,234 KRETEK 16 (16x10x20x4/dus),1,2100,Product
,234 MAGNUM BLUE (10/slop),1,20500,Product
,234 MAGNUM FILTER (10/slop),1,22000,Product
,234 MAGNUM MILD 16 (10X10X4/dus),1,20500,Product
,ABC KECAP 220 ML REFILL (24/dus),1,13500,Product
,ABC KECAP BOTOL 135 ml (48/dus),1,10500,Product
,ABC KECAP SACHET 15 ml (288/dus),1,2100,Product
,ABC MOCHA Sachet (120/dus),1,3500,Product
,ABC SAMBAL BOTOL,1,10500,Product
,ABC SAMBAL SACHET (22x21/dus),1,1100,Product
,ABC SAMBAL SACHET (300/DUS),1,2100,Product
,ABC SAMBAL TERASI SACHET (30x10/dus),1,2100,Product
,ABC SUSU Sachet (120/dus),1,3500,Product
,ABC WHITE COFFEE (120/dus),1,3500,Product
,ADEM SARI CHINGKU Kaleng (24/dus),1,7500,Product
,ADEM SARI Sachet (24x24/dus),1,3500,Product
,AIR MINERAL MIWA OXYGEN 600 ml,1,7500,Product
,AIR MINERAL MIWA/JEERA GALON 19L,1,26000,Product
,ALE ALE (24/dus),1,2100,Product
,AMDK GELAS 240 ml (48/dus),1,1000,Product
,AMDK JEERA BOTOL 1500 ml (12/dus),1,6500,Product
,AMDK JEERA BOTOL 600 ml (24/dus),1,3500,Product
,AMDK PRIMA BOTOL 1500 ml (12/dus),1,6500,Product
,AMDK PRIMA BOTOL 330 ml (24/dus),1,2500,Product
,AMDK PRIMA BOTOL 600 ml (24/dus),1,3500,Product
,AMPLOP BESAR (100/pak),1,1200,Product
,AMPLOP KECIL (100/pak),1,1000,Product
,ANGET SARI JAHE SACHET (50/PCK),1,3500,Product
,AQUA BOTOL 1500 ml (12/dus),1,6500,Product
,AQUA BOTOL 330 ml (24/DUS),1,2500,Product
,AQUA BOTOL 600 ml (24/dus),1,4500,Product
,AQUA GELAS 200 ml (48/dus),1,1000,Product
,AUTAN 7ml(8x6x2x13/dus),1,2500,Product
,B.AMEL AGAR-AGAR,1,5500,Product
,B.AMEL BRONDONG JIPANG,1,2300,Product
,B.AMEL CINGKLUNG,1,2300,Product
,B.AMEL GULA KACANG,1,2300,Product
,B.AMEL KRIPIK SINGKONG PEDAS,1,2300,Product
,B.AMEL NUTRIJEL,1,5500,Product
,B.AMEL PLINTIR BBQ,1,2300,Product
,B.AMEL STIK PEDAS,1,2300,Product
,B.GITA CEMILAN TEMPO DOELOE,1,10500,Product
,B.RATNA MAINAN ONDEL-ONDEL,1,41000,Product
,BALSEM CAMPUR KECIL,1,8500,Product
,BALSEM LANG/BALPIRIL/GELIGA (12/pak),1,10500,Product
,BANGO KECAP 220 ML REFILL (24/dus),1,15500,Product
,BANGO KECAP BOTOL 135 ml (48/dus),1,10500,Product
,BANGO KECAP SACHET (144/dus),1,3100,Product
,BANTAL/GULING,1,31000,Product
,BEDAK HEROCHYN 75 gr (72/DUS),1,15500,Product
,BENG-BENG 20 gr (20/pak),1,3500,Product
,BENG-BENG DRINK 30G (8X10/DUS),1,3500,Product
,BETTER VANILLA (4X3X10) ,1,2500,Product
,BIG COLA BOTOL 535 ml (12/dus),1,5500,Product
,BIOERE FACIAL 100 ml (6/pak),1,28000,Product
,BIOERE FACIAL 40 ml (6/pak),1,24000,Product
,BISKUIT LEMONIA 130 gr (36/dus),1,9500,Product
,BISKUIT ROMA KELAPA 300 gr (6x4/dus),1,12500,Product
,BODREX BIASA (10x2x12/pak),1,1100,Product
,BODREX FLU DAN BATUK (4x25/pak),1,1100,Product
,BUKU EKSPEDISI BESAR (5/PAK),1,27000,Product
,BUKU EKSPEDISI PANJANG (10/pak),1,15500,Product
,BUKU EKSPEDISI PENDEK (10/pak),1,10500,Product
,BUKU TTS PANJANG,1,7500,Product
,BUKU TTS PENDEK,1,5500,Product
,BUKU TULIS (10/pak),1,5500,Product
,BY FRESH 320 ml (12/dus),1,26000,Product
,CASSABLANCA BIRU COLLONE AQUA 100 ml (12/dus),1,23000,Product
,CASSABLANCA DEODORANT 100ml (24/dus),1,24000,Product
,CELANA DALAM BOXER PUMA,1,36000,Product
,CELANA DALAM GT MAN L SIZE,1,29000,Product
,CELANA DALAM GT MAN M SIZE,1,29000,Product
,CELANA DALAM GT MAN XL SIZE,1,31000,Product
,CESEME CRISPY (30/DUS),1,7500,Product
,CHEETOS SNACK 15gr (60/dus),1,2500,Product
,CHEETOS SNACK 40GR (40/dus),1,6500,Product
,CHITATO SNACK 18 gr (60/dus),1,3500,Product
,CHITATO SNACK 68 gr (30/dus),1,15500,Product
,CHOCOLATOS DRINKS sachet (80/DUS),1,3500,Product
,CITRA BOTOL 120 ml (6/pak),1,15500,Product
,CITRA SACHET 9 ml (480/dus),1,1500,Product
,COCA COLA 250 ml (12/dus) (KECIL),1,5500,Product
,COCA COLA 350 ml (12/dus) (SEDANG),1,8500,Product
,COTTON BUD EXTRA (12/pak),1,2500,Product
,COTTON BUD FIENA (12/PAK),1,2500,Product
,CRUCKERS NISSIN (30/DUS),1,10500,Product
,DANCOW SACHET,1,3500,Product
,DETTOL LIQUID BOTOL 100 ml,1,16500,Product
,DETTOL LIQUID BOTOL 250 ml (24/dus),1,37000,Product
,DJARUM SUPER 12 (10x20x4/dus),1,20500,Product
,DJARUM SUPER 16 (16x10x10x6/dus),1,2100,Product
,DUNHILL FILTER 16 (10/slop),1,20500,Product
,DUNHILL MENTHOL (10/slop),1,29000,Product
,DUNHILL MILD 16 (10/slop),1,20500,Product
,DUNHILL MILD 20 (10/slop),1,26000,Product
,DUNHILL MILD 20 PAKET 3 BATANG=5.000,1,5500,Product
,ENERGEN (CAMPUR) Sachet (160/dus),1,3500,Product
,ES BATU BALOK ,1,52000,Product
,ES BATU KRISTAL,1,52000,Product
,ESSE BERRY POP 16 (10/SLOP),1,20500,Product
,ESSE BLUE 20 (10/SLOP),1,25000,Product
,ESSE CHANGE 20 (10/SLOP),1,24000,Product
,ESSE CHANGE GRAPE 20 (10/SLOP),1,23000,Product
,ESSE GOLDEN LEAF 20 (10/SLOP),1,28000,Product
,ESSE HONEY POP 16 (10/SLOP),1,20500,Product
,ESSE MENTHOL 20 (10/SLOP),1,25000,Product
,ESSE MILD 20 (10/SLOP),1,23000,Product
,ESSE MILD MENTHOL 20 (10/SLOP),1,23000,Product
,ESSE SHUFFLE POP 16 (10/SLOP),1,20500,Product
,EXTRAJOSS Sachet (6x10x12/dus),1,3500,Product
,FANTA 250 ml (12/dus) (KECIL),1,5500,Product
,FANTA 350 ml (12/dus) (SEDANG),1,8500,Product
,FATIGON HYDRO COCO 250 ml (24/dus),1,7500,Product
,FATIGON HYDRO COCO 500 ml (12/dus),1,15500,Product
,FLORINDINA PULP 260 ml (12/dus),1,6500,Product
,FRESHCARE AROMATHERAPHY (12/pak),1,15500,Product
,FRUIT TEA BOTOL 500 ml (24/dus),1,8500,Product
,GAS PORTABLE KALENG,1,26000,Product
,GATSBY COLLOGNE DEODORANT 100ml (12/dus),1,24000,Product
,GATSBY WATER GLOSS 75 gr (6/pack),1,17500,Product
,GATSBY WAX 75 gr (6/pack),1,17500,Product
,GATSBY WG SACHET (36/PACK),1,3500,Product
,GELAS CUP BESAR (2000/dus),1,600,Product
,GELAS CUP KECIL (2000/dus),1,600,Product
,GERY CHOCOLATOS (24x6/dus),1,1500,Product
,GERY CHOCOLATOS 16GR (20X6/DUS),1,2500,Product
,GERY MALKIS SALUT 110gr (20/dus),1,7500,Product
,GILLETE GOAL II BLUE (12x48/dus),1,12500,Product
,GILLETE GOAL II YELLOW (12x24/dus),1,8500,Product
,GO WELL 29GR (120/dus),1,3500,Product
,GOOD DAY (24/dus),1,8500,Product
,GOOD DAY SACHET (250/dus),1,3500,Product
,GOOD TIME CHOCOCHIP 17gr (10x12/dus),1,2500,Product
,GRANITA (24/dus),1,2500,Product
,GREEN SAND 330 ml (24/dus),1,10500,Product
,GUAVA BOTOL (12/dus),1,6500,Product
,GUDANG GARAM FILTER 12 (20x10x4/dus),1,20500,Product
,GUDANG GARAM FILTER KALENG (50x10x20/dus),1,2100,Product
,GUDANG GARAM MERAH (10/SLOP),1,15500,Product
,GUDANG GARAM MERAH ECERAN (BATANG),1,20500,Product
,GUDANG GARAM MILD (10/BKS),1,18500,Product
,GUDANG GARAM MILD SHIVER (10/SLOP),1,18500,Product
,GUDANG GARAM PROFESIONAL (10x10x6/dus),1,20500,Product
,GUDANG GARAM PROFESIONAL PAKET 3 BATANG=5.000,1,5500,Product
,GUDANG GARAM SIGNATURE HITAM (10/bks),1,17500,Product
,GUDANG GARAM SIGNATURE MILD BLUE (10/SLOP),1,18500,Product
,GUDANG GARAM SURYA 12 (20x10/bal),1,18500,Product
,GUDANG GARAM SURYA 16 (10x10x6/dus),1,27000,Product
,GUDANG GARAM SURYA 16 EXCLUSIVE (10x10x6/dus),1,29000,Product
,GUDANG GARAM SURYA KALENG (50x10x20/dus),1,2100,Product
,GULA 1 KG ,1,20500,Product
,GULA 1/2 kg (30/dus),1,12500,Product
,HANDUK ,1,36000,Product
,HANSAPLAST (100/pak),1,1100,Product
,HEMAVITON BOTOL 150 ML (50/DUS),1,2100,Product
,HEMAVITON KALENG 330 ml (24/dus),1,10500,Product
,ICE BANNANA CRISPY (40/dus),1,6500,Product
,ICE BINGGO COKELAT SUSU(50/dus),1,5500,Product
,ICE CHOCOLATE CRISPY (30/dus),1,7500,Product
,ICE COFFEE CRISPY,1,6500,Product
,ICE CUP CHOCOLATE CRISPY (24/dus),1,8500,Product
,ICE CUP DURIAN (12/dus),1,15500,Product
,ICE CUP STRAWBERRY (24/dus),1,8500,Product
,ICE FUNKY MILK (50/dus),1,5500,Product
,ICE HAPPY CONE TARO(48/dus),1,5500,Product
,ICE MANGO SLUSH (30/dus),1,6500,Product
,ICE MANGO SLUSH LOW FAT (30/dus),1,8500,Product
,ICE MILK MELON (50/dus),1,5500,Product
,ICE MOCHI,1,5500,Product
,ICE OBOR COFFEE (30/DUS),1,8500,Product
,ICE SESAME CRISPY (30/DUS),1,7500,Product
,ICE STIK NANAS (50/dus),1,5500,Product
,ICE STIK SEMANGKA (50/dus),1,5500,Product
,ICE STRAWBERRY CRISPY (30/dus),1,7500,Product
,ICE SUGAR PISANG (50/dus),1,5500,Product
,ICE SWEET CORN JAGUNG (40/dus),1,5500,Product
,ICE TOFFIE COFFEE (40/dus),1,5500,Product
,ICE WAFFLE (48/DUS),1,5500,Product
,INDOCAFE COFFEEMIX (5x100/dus),1,3500,Product
,INDOFOOD KECAP SACHET,1,1100,Product
,INDOFOOD SAMBAL TERASI SACHET 22GR (110/dus),1,2100,Product
,INDOMIE AYAM BAWANG (40/dus),1,4300,Product
,INDOMIE GORENG 85 gr (40/dus),1,4300,Product
,INDOMIE KARI AYAM 72 gr (40/dus),1,4300,Product
,INDOMIE SOTO AYAM 70 gr (40/dus),1,4300,Product
,INDOMIE SOTO PADANG (40/DUS),1,4300,Product
,J N J CIKEN BON ORG 28gr (30/dus),1,5500,Product
,JASJUS SACHET ANEKA RASA (300/DUS),1,3500,Product
,JUICE (20/DUS),1,2500,Product
,KACANG ATOM GARUDA 130Gr (10/PAK),1,8500,Product
,KACANG KULIT 2 KELINCI 90 GR (40/DUS),1,8500,Product
,KACANG KULIT GARUDA 250 gr (4x10/dus),1,17500,Product
,KACANG SUKRO 2 KELINCI 140 gr (4X10/DUS),1,12500,Product
,KAMPER SWALLOW 150 gr,1,22000,Product
,KANTONG PLASTIK HITAM (K) (5X100/BAL),1,5500,Product
,KANTONG PLASTIK HITAM (S) (5X100/BAL),1,8000,Product
,KANTONG SAMPAH BESAR,1,,Product
,KAOS DALAM CROCODILE HITAM DAN ABU-ABU,1,61500,Product
,KAOS DALAM CROCODILE PUTIH,1,56500,Product
,KIPAS,1,15500,Product
,KISPRAY 318 ml,1,12500,Product
,KOMIX SACHET (30/pak),1,3500,Product
,KOPASINDO DETERGENT B29 45GR (288/DUS),1,1500,Product
,KOPASINDO FILTER (10x20x4/DUS),1,14500,Product
,KOPASINDO KRETEK (10x20x4/DUS),1,10000,Product
,KOPASINDO MILD (10x20x4/DUS),1,16500,Product
,KOPASINDO PASTA GIGI MEDISOFT 50GR (144/DUS),1,3500,Product
,KOPASINDO SABUN SEHAT 80GR (72/DUS),1,3500,Product
,KOPI ABC MIX 25 gr (120/dus),1,3500,Product
,KOPI KAPAL API MIX 25 gr (120/dus),1,3500,Product
,KOPI TORABIKA DUO (120/dus),1,3500,Product
,KOPICUP JUMBO,1,2500,Product
,KOPIKO 78 BOTOL 250 ml (24/dus),1,10500,Product
,KOREK TOKAI (50x20/dus),1,4500,Product
,KRATINDENG PRO 240 ml (24/dus),1,13500,Product
,KUKU BIMA (6x10x12/dus),1,3500,Product
,LAKBAN HITAM 60/dus dan 90/dus,1,23000,Product
,LAKBAN PUTIH/COKLAT (6/roll),1,15500,Product
,LAKSA FILTER 12 (10BKS/SLOP),1,12500,Product
,LARUTAN BOTOL 200 ml (48/dus),1,6500,Product
,LARUTAN BOTOL 500 ml (24/dus),1,10500,Product
,LARUTAN KALENG 330 ml (24/dus),1,7500,Product
,LAVENDER (10x24x4/dus),1,1600,Product
,LAYS SNACK 40gr (40/dus),1,12500,Product
,LAYS SNACK 68gr (30/dus),1,15500,Product
,LE MINERALE 600 ml (24/dus),1,3500,Product
,LEM FOX REFFIL 350 ml  (48/DUS),1,15500,Product
,LILIN BESAR (8x20/dus),1,2500,Product
,LINTANG ENAM 12 (10/SLOP),1,15500,Product
,LINTANG ENAM KOPI,1,12500,Product
,LISTERINE KUMUR 250 ml,1,28000,Product
,LISTERINE KUMUR KECIL 80 ml,1,14000,Product
,LUCKY STRIKE BOLD 12 (10/SLOP),1,12500,Product
,LUCKY STRIKE FILTER 20 (10/slop),1,20500,Product
,LUCKY STRIKE LIGHT 20 (10/slop),1,20500,Product
,LUCKY STRIKE MILD 16 (10/slop),1,18500,Product
,LUCKY STRIKE SWITCH 20 (10/SLOP),1,26000,Product
,LUWAK WHITE COFFEE (200/dus),1,3500,Product
,MADU RASA (24X12/DUS),1,3500,Product
,MAINAN ANGRY BIRDS,1,102500,Product
,MAINAN ANGSA,1,20500,Product
,MAINAN AVANGER DUS,1,36000,Product
,MAINAN BANGAU,1,20500,Product
,MAINAN BATMAN MERAYAP,1,77000,Product
,MAINAN BEAUTY FURNITURE,1,31000,Product
,MAINAN BIG FOOT,1,36000,Product
,MAINAN BONEKA DOT,1,46500,Product
,MAINAN BONEKA FASHION,1,26000,Product
,MAINAN BONEKA SHA-SHA,1,31000,Product
,MAINAN CAFFE SETT,1,,Product
,MAINAN CITY POLICE,1,72000,Product
,MAINAN CLEVER BABY,1,92500,Product
,MAINAN CONSTRUCTION CAR,1,,Product
,MAINAN CONTAINER TRUCK,1,51500,Product
,MAINAN DAPUR IDAMAN,1,31000,Product
,MAINAN DAPUR SET,1,,Product
,MAINAN DEKOR MATION,1,92500,Product
,MAINAN DESERT DEFENDER,1,46500,Product
,MAINAN DOCTOR KITT,1,46500,Product
,MAINAN DOCTOR SETT,1,20500,Product
,MAINAN DORAEMON,1,13500,Product
,MAINAN DOUBLE KONTRUKSI,1,16000,Product
,MAINAN FAST BOAT,1,36000,Product
,MAINAN FISHING GAME,1,41000,Product
,MAINAN FROZEN KECIL KOSMETIK,1,39000,Product
,MAINAN FUNNY BLOCK,1,,Product
,MAINAN GITAR,1,56500,Product
,MAINAN GITAR HELLO KITTY,1,31000,Product
,MAINAN HAPPY COOKING,1,36000,Product
,MAINAN HELLO KITTY,1,26000,Product
,MAINAN HELLY 200M,1,26000,Product
,MAINAN HOME FURNITURE,1,31000,Product
,MAINAN I PAD,1,61500,Product
,MAINAN IKLAN LAMPU,1,26000,Product
,MAINAN INDO KASIR,1,13500,Product
,MAINAN ISTANA IMPIAN,1,31000,Product
,MAINAN JAM TANGAN POWER RANGER,1,26000,Product
,MAINAN KAPAL AIRLINE,1,10500,Product
,MAINAN KERETA THOMAS,1,36000,Product
,MAINAN KIPAS,1,20500,Product
,MAINAN KITCHEN SET,1,36000,Product
,MAINAN KOSMETIK,1,39000,Product
,MAINAN KUDA DORONG,1,,Product
,MAINAN LUCKY DOG,1,72000,Product
,MAINAN MAGIC CUB,1,,Product
,MAINAN MASTER COOK,1,36000,Product
,MAINAN MINI CAR,1,82000,Product
,MAINAN MINI TOBOT BESAR,1,97500,Product
,MAINAN MOBIL BATMAN,1,26000,Product
,MAINAN MOBIL CHIP,1,41000,Product
,MAINAN MOBIL OSCAR,1,15500,Product
,MAINAN MOBIL PEMADAM,1,113000,Product
,MAINAN MOBIL POLISI INDO,1,31000,Product
,MAINAN MOTO BOOT,1,,Product
,MAINAN MUSIC TANK,1,,Product
,MAINAN NOVEL SPESIAL,1,31000,Product
,MAINAN OPTIMUS ROBOT,1,93000,Product
,MAINAN PANAHAN,1,31000,Product
,MAINAN PANCING MANIA,1,,Product
,MAINAN PANSER LAPIS BAJA,1,,Product
,MAINAN PISTOL BATMAN,1,36000,Product
,MAINAN PISTOL KOKANG,1,15500,Product
,MAINAN PISTOL KOREK API,1,15500,Product
,MAINAN PISTOL PELETOK,1,15500,Product
,MAINAN PISTOL WEAPON,1,41000,Product
,MAINAN PIZZA SET,1,,Product
,MAINAN PLAY TRAIN,1,41000,Product
,MAINAN POKEMON,1,41000,Product
,MAINAN POLICE CAR,1,52500,Product
,MAINAN PUZZLE,1,41000,Product
,MAINAN RC MINI CAR,1,82000,Product
,MAINAN ROAD WHEEL,1,10500,Product
,MAINAN ROBOCAR POLLY,1,,Product
,MAINAN ROBOT AETHER,1,92500,Product
,MAINAN ROBOT MUTATION,1,41000,Product
,MAINAN ROBOT POWER RANGER,1,41000,Product
,MAINAN RUMAH ANAK-ANAK,1,36000,Product
,MAINAN RUMAH IDAMAN,1,26000,Product
,MAINAN RUMAH KUDA PONI,1,56500,Product
,MAINAN SENAPAN BERBURU,1,,Product
,MAINAN SOFT PLAY GUN,1,,Product
,MAINAN SPACE FLIGHT,1,,Product
,MAINAN SPIDERMEN CAR,1,56500,Product
,MAINAN STRONG RC,1,92500,Product
,MAINAN SUPERMAN,1,31000,Product
,MAINAN SWAT SHOTING,1,,Product
,MAINAN TAYO KECIL,1,20500,Product
,MAINAN TEMBAKAN BATMAN,1,,Product
,MAINAN TEMBAKAN BERBURU,1,36000,Product
,MAINAN THE TORTOISE,1,92500,Product
,MAINAN TRAIN TRACK,1,26000,Product
,MAINAN TRUCK AQUARIUM,1,,Product
,MAINAN TRUCK CONTRUCTION,1,36000,Product
,MAINAN ULTRAMEN,1,,Product
,MAINAN VILLAKU,1,,Product
,MARIMAS (120/pak 720/dus),1,2500,Product
,MARINA HAND & BODY (6/PAK),1,10500,Product
,MARLBORO BLACK FILTER (10x50/dus),1,29000,Product
,MARLBORO BLACK MENTHOL (10x50/dus),1,30000,Product
,MARLBORO ICE BLAST (10/slop),1,30000,Product
,MARLBORO ICE BURST (10/slop),1,30500,Product
,MARLBORO MERAH (10x50/dus),1,30500,Product
,MARLBORO PUTIH (10x50/dus),1,30500,Product
,MEEWA GALON 19 L,1,26000,Product
,MESES CERES 90 GR (12X8/DUS),1,12500,Product
,MIE DAAI VEGAN NOODLE RASA SOTO (40/DUS),1,5000,Product
,MIE SEDAP BASO (40/dus),1,4300,Product
,MIE SEDAP GORENG (40/dus),1,4300,Product
,MIE SEDAP KARI AYAM (40/dus),1,4300,Product
,MIE SEDAP SOTO (40/dus),1,4300,Product
,MIE SEDAP WHITE CURRY (40/dus),1,4300,Product
,MILO KALENG 240 ml (24/dus),1,15500,Product
,MILO SACHET (20x10/dus),1,3500,Product
,MINYAK ANGIN KAPAK KECIL 34 ml (12/pak),1,10500,Product
,MINYAK GORENG TROPYCAL 900ml (12/dus),1,20500,Product
,MINYAK GOSOK GPU 30 ml (12/pak),1,10500,Product
,MINYAK GOSOK GPU 60 ml (12/pck),1,20500,Product
,MINYAK KAYU PUTIH 15 ml (12/pak),1,8500,Product
,MINYAK KAYU PUTIH 30 ml (12/pak),1,13500,Product
,MINYAK TAWON 30 ml,1,15500,Product
,MIZONE BOTOL 500 ml (12/dus),1,6500,Product
,MOLTO 22ML (216/dus),1,2500,Product
,MOLTO/DOWNEY 220 ml ,1,12500,Product
,MOLTO/DOWNEY SACHET (360SCT/DUS),1,1500,Product
,MOMOGI 10 gr (120/160 /DUS),1,1500,Product
,MY TEA OOLONG 350 ml (12/dus),1,6500,Product
,NABATI CHEESE WAFER 50GR (60/DUS),1,3500,Product
,NABATI RICHEESSE 10 gr (20x10/dus),1,1500,Product
,NESCAFE KALENG 250 ml (24/dus),1,10500,Product
,NESLITE 16 (10X10/BAL),1,16500,Product
,NESLITE BLACK 16(10X10/BAL),1,16500,Product
,NESLITE BLACK RED16 (10/slop),1,17500,Product
,NESLITE MENTHOL 16(10X10/BAL),1,16500,Product
,NESTLE BOTOL 1500 ml (12/dus),1,6500,Product
,NESTLE BOTOL 600 ml (24/dus),1,3500,Product
,NISSIN COCONUT 200GR (24/DUS),1,10500,Product
,NU GREEN TEA BOTOL 500 ml (24/dus),1,8500,Product
,NU MILK TEA 330 ml (24/dus),1,10500,Product
,NUTRISARI Sachet (40x18/dus),1,3500,Product
,OISHI LULA CUMI 70gr (24/dus),1,8500,Product
,OISHI PILLOW CHOCO 120gr (20/dus),1,10500,Product
,OISHI SPONGE CRUNCH 120gr (16/dus),1,10500,Product
,OISHI SPONGE CRUNCH 28gr (60/dus),1,3500,Product
,OREO SANDWICH 29 gr (12x6/dus),1,2500,Product
,OXYGEN WATER 350 ml (24/dus),1,8500,Product
,P. AGUNG KERIPIK KENTANG @3000,1,3200,Product
,P. AGUNG PEYEK KREMES,1,2300,Product
,P. AGUS SNACK CHUBA,1,1200,Product
,P. AJO ANEKA SNACK @1000,1,1200,Product
,P. AJO ANEKA SNACK @2000,1,2300,Product
,P. AJO BAGELAN @2000,1,2300,Product
,P. AJO KACANG GORENG,1,2300,Product
,P. AJO KERIPIK TEMPE @1000,1,1200,Product
,P. AJO KERIPIK TEMPE @3000,1,3200,Product
,P. AJO KURMA @2000,1,2300,Product
,P. AJO KURMA @5000,1,5300,Product
,P. ANDI KUE CIN-CIN @1000,1,1200,Product
,P. DENI ROTI PIA KACANG,1,2300,Product
,P. DIMAS SAMBEL PECEL,1,15500,Product
,P. DIMAS SNACK,1,2300,Product
,P. DIMAS SNACK @4000,1,4200,Product
,P. EKO KACANG KORO @1000,1,1200,Product
,P. EKO KACANG TEPUNG,1,1200,Product
,P. EKO KERUPUK BOLONG,1,2300,Product
,P. EKO KERUPUK TEMPE,1,2300,Product
,P. EKO MACARONI JUMBO,1,1200,Product
,P. EKO OPAK MINI,1,1200,Product
,P. EKO TORTILA,1,1200,Product
,P. FADIL OPAK PEDAS MANIS,1,2300,Product
,P. FAJAR KRIPIK SINGKONG ASIN @2000,1,2300,Product
,P. FAJAR KRUPUK BAWANG,1,2300,Product
,P. FAJAR SINGKONG BAWANG @2000,1,2300,Product
,P. FAJAR SINGKONG DADU,1,2300,Product
,P. FAJAR TALAS @2000,1,2300,Product
,P. FARHAN LANTING BAWANG GORENG,1,2300,Product
,P. FARHAN LANTING ORI,1,2300,Product
,P. FARHAN LANTING PEDAS/MANIS,1,2300,Product
,P. FARHAN STIK KENTANG ,1,2300,Product
,P. FARIS KRUPUK PC@1000,1,1200,Product
,P. FARIS ROTI GORENG ,1,2300,Product
,P. FARIS ROTI MANIS @2000,1,2300,Product
,P. FERDI SINGKONG BALADO @2000,1,2300,Product
,P. HENDRA TELOR ASIN @7000,1,7300,Product
,P. ILHAM ROTI GORENG ROFI @3000,1,3200,Product
,P. ILHAM SINGKONG BALADO,1,2300,Product
,P. ILHAM SINGKONG GURIH,1,2300,Product
,P. ILHAM SINGKONG ULIR BALADO,1,2300,Product
,P. ILHAM SINGKONG ULIR GURIH,1,2300,Product
,P. ILHAM TARO,1,2300,Product
,P. IMAM ANEKA KUE @1000,1,1200,Product
,P. IMAM ANEKA SNACK,1,2300,Product
,P. IMAM KUE KETAWA,1,1200,Product
,P. INDRA KERUPUK TAHU @2000,1,2300,Product
,P. INDRA SNACK @3000,1,3200,Product
,P. INDRA SNACK @7000,1,,Product
,P. INDRA TELUR GABUS @1000,1,1200,Product
,P. ISMED KACANG PEDAS,1,2300,Product
,P. IYAN KRIPIK UBI @2000,1,2300,Product
,P. JEHAN ENYE-ENYE @2000,1,2300,Product
,P. JEHAN SNACK,1,2300,Product
,P. JEHAN SNACK KEBAB,1,2300,Product
,P. JHONY KACANG ASIN,1,5200,Product
,P. JHONY KRIPIK KEONG/KACANG UMPET,1,6300,Product
,P. JHONY KRIPIK PISANG MANIS,1,6300,Product
,P. JHONY KRUPUK PUTIH DR @1000,1,1200,Product
,P. JOLI BASRENG @1000,1,1200,Product
,P. JOLI BASRENG @2000,1,2300,Product
,P. MUSI KACANG KORO,1,1200,Product
,P. MUSI KACANG TELOR,1,1200,Product
,P. MUSI PEYEK KACANG BULAT,1,1200,Product
,P. NANANG  RENGINANG,1,3200,Product
,P. NANANG KACANG BAWANG,1,2600,Product
,P. NANANG KRIPIK PISANG @3000,1,3300,Product
,P. NANANG PEYEK,1,5200,Product
,P. NORMAN ES TEH TARIK,1,10500,Product
,P. RAHMAN KEMPLANG,1,1200,Product
,P. RAHMAN KRUPUK KULIT,1,2300,Product
,P. RAHMAN ROTI KACANG HIJAU,1,2300,Product
,P. RICO ANEKA SNACK @2000,1,2300,Product
,P. RICO KRUPUK PEDAS ,1,2300,Product
,P. RICO ROTI @4000,1,4200,Product
,P. RICO ROTI ABAH @3000,1,3200,Product
,P. RICO ROTI COKLAT/KEJU/ABON,1,7200,Product
,P. RICO ROTI GEPENG,1,2300,Product
,P. RICO ROTI MANIS,1,2300,Product
,P. RICO ROTI SOBEK,1,10500,Product
,P. RICO ROTI TAWAR @12000,1,12500,Product
,P. RICO ROTI VALLERY CHOCHO @10000,1,10500,Product
,P. RIVO SNACK @5000,1,5200,Product
,P. SUHARSO KRUPUK PALEMBANG,1,2300,Product
,P. SUPRIYADI WEDANG UWUH @5000,1,5200,Product
,P. TONO ANEKA PERMEN,1,1200,Product
,P. TONO CHOKI-CHOKI 20/PCK,1,2300,Product
,P. UMAR BALON KARAKTER @15.000,1,15500,Product
,P. UMAR JAGUNG KEPREK,1,1200,Product
,P. UMAR KACANG IJO POLONG,1,1200,Product
,P. UMAR KACANG KEDELAI,1,1200,Product
,P. UMAR KRUPUK GENDAR,1,2300,Product
,P. UMAR KRUPUK JARI,1,2300,Product
,P. UMAR KRUPUK JENGKOL,1,2300,Product
,P. UMAR KRUPUK MINI,1,2300,Product
,P. UMAR MACARONI MINI,1,1200,Product
,P. UMAR STIK TALAS,1,2300,Product
,P. WAHYU BAKSO GORENG,1,2300,Product
,P. WAHYU KACANG ASIN,1,2300,Product
,P. WAHYU KRIPIK PISANG MANIS,1,2300,Product
,P. WAHYU KRIPIK PISANG ORIGINAL,1,3200,Product
,P. WAHYU KRIPIK USUS @ 3000,1,3200,Product
,P. WAHYU KRUPUK ASBES,1,2300,Product
,P. WAHYU KRUPUK BINTANG/BAWANG,1,2300,Product
,P. WAHYU KRUPUK CUMI/SINGKONG BALADO,1,2300,Product
,P. WAHYU KRUPUK JABLAY ,1,2300,Product
,P. WAHYU KRUPUK JABLAY KERANG,1,2300,Product
,P. WAHYU KRUPUK SEA FOOD,1,2300,Product
,P. WAHYU OPAK MEDAN,1,2300,Product
,P. WAHYU STIK  TALAS,1,3200,Product
,PANDA GRASS JELLY 310 (24/DUS),1,10500,Product
,PANTHER (24/dus),1,2500,Product
,PENSIL MAS 16 (10/SLOP),1,16500,Product
,PEPSODENT EK 75 gr (12x12/dus),1,6500,Product
,PERMEN HEXOS (50/PACK),1,3500,Product
,PERMEN MENTHOS ROLL 37 gr (24/pak),1,5500,Product
,PERMEN NANO NANO (24/pak),1,3500,Product
,PERMEN NANO NANO CHEWY (20/pak),1,3500,Product
,PERMEN SUGUS (24/pak),1,3500,Product
,PIATTOS 12gr (80/dus),1,2500,Product
,PIATTOS 50 GR (30/DUS),1,9500,Product
,POCARI BOTOL 350ml (24/dus),1,8500,Product
,POCARI BOTOL 500ML (24/dus),1,9500,Product
,POCARI KALENG (24/dus),1,8500,Product
,PONDS FACIAL 50 ml (6x4/dus),1,20500,Product
,POPMIE RASA AYAM (24/dus),1,6500,Product
,POPMIE RASA AYAM BAWANG (24/dus),1,6500,Product
,POPMIE RASA BAKSO (24/dus),1,6500,Product
,POWER GLUE (12x48/dus),1,5200,Product
,PRINGLESS SNACK 110gr (12/dus),1,27000,Product
,PRINGLESS SNACK 143gr (12/dus),1,31000,Product
,PRO MILD (10x10/bal),1,18500,Product
,PROCLIN SACHET,1,2500,Product
,PULPEN STANDAR (12x12/gross),1,5500,Product
,PULPY ORANGE 350 ml (12/dus),1,8500,Product
,Q-TELA 55gr (30/dus),1,8500,Product
,Q-TELA KRUPUK 59gr (30/dus),1,8500,Product
,REXONA ROLL ON (6x4/dus),1,18500,Product
,REXONA SACHET (12x12/dus),1,5500,Product
,RINSO 900 gr (12/dus),1,26000,Product
,RINSO SACHET 65 gr (120/dus),1,2500,Product
,ROKOK METRO (10/slop),1,16500,Product
,ROKOK MIAMI (10/slop),1,16500,Product
,ROKOK U BOLD 12,1,15500,Product
,ROMA BISKUIT KELAPA 27 GR (180/DUS),1,2500,Product
,ROMA MALKIS COKELAT/ABON 21/27 GR (120/DUS),1,2500,Product
,ROMA MALKIS CRACKERS 130GR (30/DUS),1,7500,Product
,ROMA WAFER SUPERSTAR 18g (12x12/dus),1,2100,Product
,ROOT BEER A&W 330 ml (24/dus),1,9500,Product
,SABUN ASEPSO BATANG (144/dus),1,8500,Product
,SABUN BIOERE CAIR REFFIL 250 ml (24/dus),1,17500,Product
,SABUN BIOERE CAIR REFFIL 450 ml (24/dus),1,26000,Product
,SABUN DETTOL BATANG (144/dus),1,7500,Product
,SABUN DETTOL CAIR REFFIL 250 ml (24/dus),1,20500,Product
,SABUN GIV BATANG (72/dus),1,5500,Product
,SABUN LIFEBUOY BATANG (144/dus),1,5500,Product
,SABUN LIFEBUOY CAIR REFFIL 250 ml (24/dus),1,15500,Product
,SABUN LIFEBUOY CAIR REFFIL 450 ml (24/dus),1,24000,Product
,SABUN LUX BATANG (144/dus),1,5500,Product
,SABUN LUX CAIR REFFIL 250 ml (24/dus),1,20500,Product
,SABUN LUX CAIR REFFIL 450 ml (24/dus),1,28000,Product
,SABUN SHINZUI BATANG (144/dus),1,5500,Product
,SABUN WINGS EK200 (60/DUS),1,1100,Product
,SABUN WINGS EK350 (60/dus),1,2500,Product
,SALEP KULIT 88 (24/DUS),1,9500,Product
,SALONPAS KOYO (120/PAK),1,1100,Product
,SALONPAS KOYO HOT (100/PAK),1,1100,Product
,SALTCHEESE NISSIN 200gr (30/dus),1,12500,Product
,SAMBAL PEDAS SACHET INDOFOOD (504/DUS),1,1100,Product
,SAMPOERNA AVOLUTION MENTHOL (10/slop),1,29000,Product
,SAMPOERNA AVOLUTION MERAH (10/slop),1,29000,Product
,SAMPOERNA KRETEK (200/BAL),1,15500,Product
,SAMPOERNA KRETEK PAKET 3 BATANG = 5.000,1,5500,Product
,SAMPOERNA MILD 12 (10/slop),1,18500,Product
,SAMPOERNA MILD MENTHOL 16 (10x10x6/dus),1,26000,Product
,SAMPOERNA MILD MERAH 16 (10x10x6/dus),1,26000,Product
,SAMPOERNA MILD MERAH 16 ECERAN(16x10x10x6/dus),1,2100,Product
,SARDEN MAYA BESAR 425 gr (48/dus),1,25000,Product
,SARDEN MAYA KECIL 155 gr (100/dus),1,10500,Product
,SARI GANDUM SANDWICH 149gr (5X4/DUS),1,9500,Product
,SARI KELAPA COCO (24/dus),1,2500,Product
,SARIMI ISI 2 GORENG RASA AYAM (24/DUS),1,6500,Product
,SARIMI ISI 2 RASA AYAM DUA (24/DUS),1,6500,Product
,SARIMI ISI 2 RASA SOTO AYAM (24/DUS),1,6500,Product
,SARUNG BANTAL/GULING,1,20500,Product
,SARUNG TANGAN PLASTIK,1,,Product
,SENDAL/SANDAL JEPIT (12/pak),1,12500,Product
,SENDOK PLASTIK (100/PACK),1,600,Product
,SHAMPO CLEAR BOTOL 170 ml,1,31000,Product
,SHAMPO CLEAR BOTOL 90 ml (6/PAK),1,15500,Product
,SHAMPO CLEAR ICE COOL 70 ml (6/pak),1,15500,Product
,SHAMPO CLEAR SACHET (960/dus),1,1100,Product
,SHAMPO LIFEBUOY BOTOL 70 ml,1,12500,Product
,SHAMPO LIFEBUOY SACHET (960/dus),1,1100,Product
,SHAMPO PANTENE BOTOL 160ML,1,28000,Product
,SHAMPO PANTENE BOTOL 90 ml,1,13500,Product
,SHAMPO PANTENE SACHET  (960/dus),1,1100,Product
,SHAMPO SACHET (960/dus),1,1100,Product
,SHAMPO SUNSILK BOTOL 90 ml,1,12500,Product
,SIKAT GIGI FORMULA (12x6/dus),1,5500,Product
,SNACK RING CHEESE 50 GR (24/DUS),1,8500,Product
,SO KLIN LANTAI 90 ML (48/DUS),1,2500,Product
,SO KLIN LANTAI SACHET (48x6/dus),1,1100,Product
,SOSIS SO NICE (24x24/tpls),1,2500,Product
,SPON BATH/MANDI,1,3100,Product
,SPON CUCI PIRING 2S POLYTEX (12/pak),1,8500,Product
,SPON CUCI PIRING POLYTEX (12/pak),1,3500,Product
,SPRITE 250 ml (12/dus) (KECIL),1,5500,Product
,SPRITE 350 ml (12/dus) (SEDANG),1,8500,Product
,STARMILD 16 (10/slop),1,20500,Product
,S-TEA 330 ml (12/dus),1,6500,Product
,STELLA AC (18/pak),1,17500,Product
,STEREOFOAM BESAR (100/bal),1,1100,Product
,STEREOFOAM KECIL (200/bal),1,1100,Product
,STEREOFOAM SEDANG (100/bal),1,1100,Product
,SUKSES (16X10X20/BAL),1,1100,Product
,SUKSES (16X10X20/BAL) 3 = 2000,1,2500,Product
,SUNLIGHT REFFIL 111 ml (72/dus),1,3500,Product
,SUNLIGHT REFFIL 85 ml (72),1,3500,Product
,SUSU BENDERA SACHET PUTIH & COKLAT (120/dus),1,3500,Product
,SUSU BERUANG KALENG 189 ml (30/dus),1,10500,Product
,SUSU INDOMILK SACHET (120/DUS),1,3500,Product
,SUSU KEDALAI / SOYA BEAN (24/dus),1,7500,Product
,SUSU ULTRA KOTAK 200 ml (24/dus),1,6500,Product
,SUSU ULTRA KOTAK 250 ml (24/dus),1,8500,Product
,TABUNG GAS 12Kg,1,307500,Product
,TARO SNACK 15gr (40/dus),1,3500,Product
,TARO SNACK 40gr (24/dus),1,6500,Product
,TARO SNACK 65 gr (30/dus),1,10500,Product
,TARO SNACK 9 gr (60/dus),1,2100,Product
,TEBS BOTOL 500 ml (24/dus),1,10500,Product
,TEBS KALENG 330 ml (24/dus),1,8500,Product
,TEH BOTOL SOSRO 350ML BTL PLASTIK (12/24/dus),1,8500,Product
,TEH BOTOL SOSRO 450ML (24/DUS),1,,Product
,TEH KOTAK SOSRO 200 ml (24/dus),1,6500,Product
,TEH KOTAK ULTRA (24/dus),1,6500,Product
,TEH PUCUK BOTOL 350 ml (24/dus),1,6500,Product
,TEH SARI WANGI (48/dus),1,10500,Product
,TELOR AYAM MENTAH,1,4500,Product
,TIMTAM 120gr (24/dus),1,12500,Product
,TIPE-X (12/PAK),1,10500,Product
,TISSU BASAH MITTU 4 SHEET (288/DUS),1,3500,Product
,TISSU PASEO SAKU (40x6/dus),1,2500,Product
,TISSUE BANTAL PASEO KECIL (80/DUS),1,5500,Product
,TISSUE BASAH GATSBY (24X5X12/DUS),1,6500,Product
,TISSUE MULTI MP 01 (16/dus),1,28000,Product
,TISSUE MULTI MP 04 (16/dus),1,31000,Product
,TISSUE PASEO REFILL 250s (40/DUS),1,15500,Product
,TISSUE TESSA FAC LOONEY TP9,1,6500,Product
,TISSUE TESSA REFFIL (32x16/dus),1,2500,Product
,TISSUE TESSA REFFIL 250 (40/dus),1,15500,Product
,TOLAK ANGIN CAIR (12x30/dus),1,4100,Product
,TOP DELFI COKLAT 9 gr (24x15/dus),1,2500,Product
,TORA CAFE (120/dus),1,3500,Product
,TUSUK GIGI (24/pak),1,3500,Product
,U MILD (10/slop),1,20500,Product
,ULTRA SARI KACANG HIJAU 250 ml (24/dus),1,8500,Product
,VEGETA Sachet (12X24/DUS),1,3500,Product
,WAFER TANGO 52 gr (50/dus),1,4500,Product
,WAFER TANGO 7.8 GR (12X20/DUS),1,1100,Product
,WAFER TANGO 78 gr (36/dus),1,6500,Product
,WIPOL REFFIL 400 ml (24/dus),1,10500,Product
,YEOS CINCAU (24/dus),1,8500,Product
,YEOS SOYA - SUSU KEDELAI (24/dus),1,8500,Product
,YEOS WALET (24/dus),1,8500,Product
,YOU C 1000 BOTOL 500 ml (24/dus),1,10500,Product
,ZUPERRR KEJU 120GR (30/DUS),1,10500,Product
,ZUPERRR KEJU MALKIST 8GR (10x20),1,1500,Product